experiment,model,map50,map50_95,gt_coverage_percent,gt_detected,gt_total,gt_missed,extra_predictions,discarded_duplicates,elapsed_seconds,checkpoint_sha256
exp2,yolo11l,0.6805235510414147,0.3365459001654622,76.86318131256952,2764,3596,832,1859,212,36.186830785125494,6008a9be70bc4cda228f8e739696848c8e2602fef06517d2eb236daffd855b52
exp2,yolo11m,0.7132757040297844,0.3712038122341902,74.2769744160178,2671,3596,925,1391,247,27.858187532052398,639cc04fdfbed07000daf2f3dff70c550f7d33b38a6792ce960c8859edcd98a5
exp2,yolo11n,0.6973871059958303,0.3485000232493828,76.86318131256952,2764,3596,832,1825,259,11.577265803702176,0d383fb76d074e66bc70ab8848211af12fa1900a793b949f89fbf65877fc1e2c
exp2,yolo11s,0.6916093529695035,0.34284327093614386,72.69187986651835,2614,3596,982,1527,191,15.698109646327794,a80f604b9036458a9f52e27cdad3405340b92b74fb22e866922362e86bb9ace5
exp2,yolo11x,0.6640954465074917,0.33399500901925416,73.72080088987764,2651,3596,945,1756,229,60.86680343095213,f507399a33017d6e0f68c548ab845315c79e4dc1f801d1afd64b68e8692f8a9c
exp2,yolo12l,0.6320357896240533,0.3062294954669017,62.37486095661846,2243,3596,1353,1211,313,48.132862591184676,79e004e09c7870968496a4cbe02a10082201a2fc31179a854878a0d5a9adc82a
exp2,yolo12m,0.6580024640242217,0.32613551274734276,71.19021134593993,2560,3596,1036,1551,200,34.510126813314855,37e2b38403febbd312ed55f9752b71228fc0a7520bedcc98d701c7baa9524cc5
exp2,yolo12n,0.6917803095477852,0.33531154677573644,76.25139043381535,2742,3596,854,1817,298,14.12417575251311,f8c9dbfd50b0ac5adba2e3e6abeff5eaeb2c1106f539f39bb2e333087634113b
exp2,yolo12s,0.6724063121551163,0.3308991265203606,75.47274749721913,2714,3596,882,2013,261,20.00135398004204,50f7c70c03fb727f764a8f814ad0baa36879568f9c5ff3ac892732bd56c407d2
exp2,yolo12x,0.617337997167932,0.3021217813425071,58.89877641824249,2118,3596,1478,1089,255,80.98414621315897,bb8f5e442c1b8f81fdb2acf546d835ed869bb5fe3707c29cd8ca9505ac6005ae
exp2,yolo26l,0.739664032103232,0.3760568649713937,79.86651835372636,2872,3596,724,1613,146,34.519062019884586,6a4dfd45753dcf48b692c300f87a2fbe99b48c435dd5e7fab695da227c9c253b
exp2,yolo26m,0.7354231596820336,0.35813751236928215,73.10901001112347,2629,3596,967,1093,114,28.124878760427237,8c2ea50b77a72d6e9eee410a7a15171522bc9b51c1931ac0a53f0bc9260320e6
exp2,yolo26n,0.7454890653296459,0.37349188301968944,78.00333704115684,2805,3596,791,1556,125,11.5465866336599,f2b1a576432f7773581ce29ca3567279ed37c3bc82b0b063c5c782feecd7297c
exp2,yolo26n-p2,0.6368899471387943,0.319166715225857,63.459399332591765,2282,3596,1314,1143,335,13.644712373614311,2a60b577c6a3fde8e03ecfeefb10c14aa9291268309f2bb8a4e42208706fedad
exp2,yolo26s,0.7438294913472085,0.34427122519381426,82.17463848720801,2955,3596,641,1978,198,16.21859667915851,0b4c67a07d116594fbf54d301049f8125fe68d1ed511853613e86d0102759dd1
exp2,yolo26s-p2,0.6150288623104772,0.30039938579193215,64.57174638487209,2322,3596,1274,1423,317,20.274610001593828,a9897da492e4502e10784788f117141965d5e29ac9fdc83a705ad4a580ea3a3a
exp2,yolo26x,0.6648214227234976,0.3398493537888313,68.35372636262514,2458,3596,1138,1152,272,60.496856700628996,2a4f21f7eb326c580b006b422765d308e8e1f2569147d269d6cf0e67ed0a41c4
exp2,yolov10b,0.669513683048814,0.3266894819469918,70.52280311457174,2536,3596,1060,1376,288,32.9565315367654,127e36c4ed6c6d2572e311ef49d21e1523210418056d4a4076124ff305234b25
exp2,yolov10l,0.6875397839419832,0.3412097887476634,68.35372636262514,2458,3596,1138,1152,170,39.93343200907111,9c50d34d3bb5b41e66f80f91f6cbe58b6633cd5169d6daf958ef905ea1617c57
exp2,yolov10m,0.6519550367238376,0.3318066404685821,69.79977753058954,2510,3596,1086,1515,216,27.53331055585295,acf6af29f9b80484f93fb4205aa781f69a72df8ed0ed3af4064f27184697852f
exp2,yolov10n,0.6963745423717289,0.33718763387273104,72.16351501668521,2595,3596,1001,1382,165,11.629666570574045,b89baa76175353c0294615c849cc2511419d228b3f1cdea86c61525207bae434
exp2,yolov10s,0.6511601384240082,0.31629833103503996,65.26696329254727,2347,3596,1249,1187,217,16.142369483597577,f79edd6081354a878bd3c24e421be108ae6f68bea9b18e82b71d58136fc8f451
exp2,yolov10x,0.6464245740899126,0.3230922728201092,64.90545050055617,2334,3596,1262,1210,280,56.81747960764915,c1c825ed8bcfcb0d7db1602a6e41384ca505c2fbe641b6a73b281228bbec3c25
exp2,yolov9c,0.7187764313520346,0.3542047931595396,77.03003337041157,2770,3596,826,1617,133,37.614494774490595,0f81cb665d70a889ecc0e2906522d2c82e368a8cdf9812cf7fe67a7056dc3ef3
exp2,yolov9e,0.5993878946633094,0.3045647540331031,51.16796440489433,1840,3596,1756,724,240,72.13069783709943,77cd1a5984ef9cbbc4893103e638c8b222011c2831e47bde68cc94ac659983bf
exp2,yolov9m,0.7399031730976211,0.36954596488269664,78.53170189098999,2824,3596,772,1496,165,35.002210438251495,c7e3293d9b420499637a53f02f42640b91855f7d0391165c5277b1888a4fa06f
exp2,yolov9s,0.7294755444283574,0.3602518045864819,79.53281423804226,2860,3596,736,1676,125,18.72016434650868,02c5b52fb7983fe26c3fa261c9dad6b95ba4ff20573509215767e0eef7c52ebf
exp2,yolov9t,0.7272170661165482,0.3617251748794455,75.3893214682981,2711,3596,885,1323,147,12.924685470759869,9d46b02f2b22aa95f0df5beac87492e92b3cc5f6e1dc8d1f0ac5bb98fbf9e275
exp2.5,yolo11l,0.7057781598525548,0.36425704191612884,81.7853170189099,2941,3596,655,2283,111,34.95167055912316,a9ecc8d14ef72a10c56076794583853c19998cff7b6428aeabb0cd6c89bb9c35
exp2.5,yolo11m,0.7329668717936823,0.3702756146026451,82.34149054505005,2961,3596,635,2114,129,28.497606113553047,fd1cad01ac51d218ffc11aa7b8bab93e7b7e01679aea49286640c691de170bac
exp2.5,yolo11n,0.6563552379783686,0.3492793277062253,70.02224694104561,2518,3596,1078,1457,114,11.765790140256286,2544eb841f401d85dca8e2ac2b6f90b3b2defc2d66ed0f67a3c7a7308baa7a4d
exp2.5,yolo11s,0.6912021747988306,0.3567968476345763,83.12013348164628,2989,3596,607,2729,202,16.28179970290512,652e15fb74bb6b02b17cedeaf1cf0ba56dcf9849791640e58056cafcdfc9e6e8
exp2.5,yolo11x,0.7000692659322041,0.35343678947812956,83.42602892102336,3000,3596,596,2547,152,61.195266023278236,6942be12aecf7940b29e1b85e6bba0f4c5097b480ff18aacbcac6a49c703f3a4
exp2.5,yolo12l,0.6102879007941602,0.3194238458366314,79.39377085650723,2855,3596,741,3365,352,48.85609896481037,d6d6b1862859911804fc2aacce93a18553bc70b10c0d714007a0e7faf2db6b36
exp2.5,yolo12m,0.6847188752768283,0.3480128332084179,81.95216907675194,2947,3596,649,2492,215,34.88250034023076,f2dd3a63be8a75a74aea4b1a9c4f959a25664c891dee20dc2f5b7479dd2703f1
exp2.5,yolo12n,0.69452250170287,0.33653198165250997,84.09343715239154,3024,3596,572,3437,276,14.191885265521705,86b0dcb016dd379a359c894f36b7f6c49d45b0f9dd104e10d638249871dc2d24
exp2.5,yolo12s,0.7037340294873913,0.37236234822460046,82.59176863181312,2970,3596,626,2186,288,20.46784245967865,26478dd1ce5c41143fd48a55c2f0f5e56e3aa72d209fb344302e27f80545b299
exp2.5,yolo12x,0.6330511117181998,0.3270543741592736,80.17241379310344,2883,3596,713,2982,382,81.69880796130747,8ffda5c0faabb21a4ec6b78941dc53dbeb8a930e84cd7a3b8fa50b1ece948308
exp2.5,yolo26l,0.7724824948565264,0.4044983606850113,84.76084538375973,3048,3596,548,2012,82,34.94803507067263,dd8a6f09a8a5681d71158d0e5f04bb0ed271531f6eb57cec2ab35b79fbbc14dc
exp2.5,yolo26m,0.78703159898202,0.41225432820687374,84.23248053392659,3029,3596,567,1840,104,28.68656676914543,58838ecc79273b2b7990feb4edb80903de8e4c104189147f809760459c2631f9
exp2.5,yolo26n,0.7322468819213699,0.37753271029261926,82.78642936596218,2977,3596,619,2043,125,11.909955591894686,04d8b4e7d6f15bbc1aaf9405bad30c463c6fcf790ea64c8703e5cc9b67c4d6fd
exp2.5,yolo26n-p2,0.5941714982755941,0.28752270119084755,74.33259176863181,2673,3596,923,2744,486,14.253051211126149,15141954f09a9c9b8c98f19489508779ff6e67c04ce12d0bb5852669d03afe44
exp2.5,yolo26s,0.7399042224647767,0.3788402616733568,87.79199110122359,3157,3596,439,2553,102,16.55749766062945,b7cb32d77d4f8e8afe781514fb61392276587df3e312777bbabbb6a09fccae4c
exp2.5,yolo26s-p2,0.5905204492998406,0.30390309870776006,73.91546162402669,2658,3596,938,2439,316,20.824180809780955,c8e51985a212ed2f2bbefb0f40af4b7a3fe8f30593e7db7ff94fdd9f7dfe580d
exp2.5,yolo26x,0.7575927696918578,0.3931456450479495,84.6774193548387,3045,3596,551,1787,46,60.791409097611904,1dd28ab51b051d2b698c658139afbbf95c9deccdcacbcb5bb303f3fa007a725a
exp2.5,yolov10b,0.7120231166388913,0.35789133866901757,78.39265850945495,2819,3596,777,1702,155,33.495107241906226,7070ec0097b26965b7c315effc551a6b092b9e8cd0faeb4b305adfc221a240bb
exp2.5,yolov10l,0.618255715445463,0.3320201554499387,78.559510567297,2825,3596,771,2730,145,40.57655389048159,4553e012e8c8a617d1642388f64b5cd25465524091c59055fe1367b03c8b4d7a
exp2.5,yolov10m,0.7009702419165558,0.3408572437830836,83.9265850945495,3018,3596,578,2791,117,27.74347357917577,1408cddfe1fa282613ffefc4170d9dfec5fce7219a4522e59a48a4e7b7b78a6c
exp2.5,yolov10n,0.716829502621378,0.3709480526557257,83.06451612903226,2987,3596,609,2452,136,12.075918324291706,ddf7a4051c85ad448b120f387bc673b7110786447d17adfc5bbc22f6190b77c3
exp2.5,yolov10s,0.6841508981953506,0.36316762367508076,84.51056729699667,3039,3596,557,2903,145,16.554099678061903,fe179e5e3fad244be5273d35e53e9648b63244c60b07b3cf4f0326bb8fbb2550
exp2.5,yolov10x,0.6527503133025244,0.346161504905779,80.92324805339265,2910,3596,686,2480,174,57.319033520296216,a85a3eb50b357ff18b202a04201602d6490e2c887f335e784f6aa541c54abb83
exp2.5,yolov9c,0.773489490417325,0.41035251504095394,86.95773081201335,3127,3596,469,2239,87,37.88429063744843,a64bb3f30cea659e05a5d8ea8f3cbacffb93f2c5f18028717732fae0baf51ef6
exp2.5,yolov9e,0.6556932378271738,0.33441584709371835,80.25583982202447,2886,3596,710,2412,234,72.7082884106785,442525ff3b02a2eb176bf472e94d2a0a7cb7f9981f9c26aa0140f3079c1e4cb2
exp2.5,yolov9m,0.7532945634468122,0.39400708167758236,86.4571746384872,3109,3596,487,2665,82,35.23878697305918,26aa74db2b8af353b9de1bad5d0e8f7ef3017d31481e215ef9d927f78251190f
exp2.5,yolov9s,0.7213246917198637,0.37460719243454615,85.67853170189099,3081,3596,515,2947,74,19.051080660894513,effec4ca5e94a8e7d34844679e57ba5922d72a52f0032f02c07581a27a8514f5
exp2.5,yolov9t,0.6086589287730461,0.30948496754323085,78.61512791991102,2827,3596,769,2104,107,13.2318344861269,3f9b66387bd5324665a505bc6b37c5506ba8f9c46546e2991486e4c047dbaf67
